{
  "Arvind Kejriwal": "aap",
  "Sambit Patra": "bjp",
  "Manish Tewari": "inc",
  "Ramesh Pokhriyal": "bjp",
  "Imran Hussain": "aap",
  "Manish Sisodiya": "aap",
  "Edappadi K Palaniswami": "aiadmk",
  "Badruddin Ajmal": "aiudf",
  "Asaduddin Owaisi": "aimim",
  "Naveen Patnaik": "bjd",
  "Amit Shah": "bjp",
  "Dharmendra Pradhan": "bjp",
  "Himanta Biswa Sarma": "bjp",
  "Jagat Prakash Nadda": "bjp",
  "Manoharlal Khattar": "bjp",
  "Manoj Tiwari": "bjp",
  "Narendra Modi": "bjp",
  "Nirmala Sitarhaman": "bjp",
  "Nitin Gadkari": "bjp",
  "Piyush Goyal": "bjp",
  "Queen Oja": "bjp",
  "Rajdeep Roy": "bjp",
  "Rajnath Singh": "bjp",
  "Ram Madav": "bjp",
  "Ramdas Athawale": "bjp",
  "Ramesh Pokhriyal": "bjp",
  "Ravishankar Prasad": "bjp",
  "Smriti Irani": "bjp",
  "Subramaniam Swami": "bjp",
  "Suresh Prabhu": "bjp",
  "Thaawar Chand Gehlot": "bjp",
  "Vijay Kumar Singh": "bjp",
  "Yogi Adityanath": "bjp",
  "Mayawati": "bsp",
  "Satish Chandra Misra": "bsp",
  "S S Reddy": "cpi",
  "Pinarayi Vijayan": "cpim",
  "Sitaram Yechury": "cpim",
  "MK Stalin": "dmk",
  "A. K Antony": "inc",
  "Abdul Khaleque": "inc",
  "Amrinder Singh": "inc",
  "Digvijay Singh": "inc",
  "Gaurav Gogoi": "inc",
  "Ghulam Nabi Azad": "inc",
  "Jotiraditya Scindia": "inc",
  "Kapil Sibal": "inc",
  "Malikarjun Kharge": "inc",
  "Manmohan Singh": "inc",
  "Navjot Singh Sidhu": "inc",
  "Oscar Fernandes": "inc",
  "P Chidambaram": "inc",
  "Pradyut Bordoloi": "inc",
  "Rahul Gandhi": "inc",
  "Sachin Pilot": "inc",
  "Salman Khurshid": "inc",
  "Shashi Tharoor": "inc",
  "Sonia Gandhi": "inc",
  "HD Deve Gowda": "jds",
  "Nitish Kumar": "jdu",
  "Pawan Verma": "jdu",
  "Farooq Abdullah": "jknc",
  "Sajjad Gani Lone": "jknc",
  "Omar Abdullah": "jkpc",
  "Mir Mohammad Fayaz": "jkpdp",
  "Nazir Ahmad Laway": "jkpdp",
  "Ramvilas Paswan": "ljp",
  "Raj Thackeray": "mns",
  "Sharad Pawar": "ncp",
  "Conrad Sangma": "npp",
  "Mehbooba Mufti": "pdp",
  "Lalu Prasad Yadav": "rjd",
  "Tejaswi Yadav": "rjd",
  "Harsimrat Kaur Badal": "sad",
  "Prakash Singh Badal": "sad",
  "Akhilesh Yadav": "sp",
  "Mulayam Singh Yadav": "sp",
  "Uddhav Thackeray": "ss",
  "Chandrababu Naidu": "tdp",
  "Derek O Brien": "tmc",
  "Mamta Banerjee": "tmc",
  "Jaganmohan Reddy": "ysrc",
  "Smt ys vijyamma": "ysrc"
}
